"regime","gamma","estimator","target","bias_own","mcse_bias","bias_pop","rmse_own","sd_est","mean_se","cover95","mcse_cover","target_pop","target_surv","target_surv_s","R"
"MCAR",0.3,"naive","target_surv",0.000524053863569188,0.0013455661238286,0.00048420708881217,0.0425324849715304,0.0428231926989162,0.0424564250267423,0.941,0.00745110730026082,0.189613995795687,0.18957414902093,0.189563256537535,1000
"MCAR",0.3,"sm","target_surv",-7.08016109544355e-05,0.00158770687672098,-0.000110648385711454,0.0501826396887293,0.0504535380199921,0.0501561650475752,0.949,0.00695693898205238,0.189613995795687,0.18957414902093,0.189563256537535,1000
"MCAR",0.3,"ssm","target_surv_s",-9.36290285061246e-05,0.00168335095663114,-0.0001443682866591,0.0532056908529788,0.0534517242646726,0.0528779190973218,0.946,0.00714730718522718,0.189613995795687,0.18957414902093,0.189563256537535,1000
"MCAR",0.3,"ipw","target_pop",0.000459388125823713,0.00134322014707125,0.000459388125823713,0.042457592496334,0.042646979819732,NA,NA,NA,0.189613995795687,0.18957414902093,0.189563256537535,1000
"MCAR",0.3,"ec","target_surv",0.000549958542640805,0.00135850460211601,0.000510111767883787,0.0429417241574559,0.0431547688460815,0.0432616035319997,0.948,0.00702111102319284,0.189613995795687,0.18957414902093,0.189563256537535,1000
"MCAR",0,"naive","target_surv",0.000524053863569191,0.0013455661238286,0.000524053863569191,0.0425324849715304,0.0425505369366255,0.0422312591594424,0.941,0.00745110730026082,0.189636167648567,0.189636167648567,0.189636167648567,1000
"MCAR",0,"sm","target_surv",-7.08016109544319e-05,0.00158770687672098,-7.08016109544319e-05,0.0501826396887293,0.0502076998715048,0.0499656408076319,0.949,0.00695693898205238,0.189636167648567,0.189636167648567,0.189636167648567,1000
"MCAR",0,"ssm","target_surv_s",-9.36290285061205e-05,0.00168335095663114,-9.36290285061205e-05,0.0532056908529788,0.0532322312437771,0.0526772021353419,0.946,0.00714730718522718,0.189636167648567,0.189636167648567,0.189636167648567,1000
"MCAR",0,"ipw","target_pop",0.000498745515692673,0.00133993083056294,0.000498745515692673,0.0423540784712855,0.0423723333166004,NA,NA,NA,0.189636167648567,0.189636167648567,0.189636167648567,1000
"MCAR",0,"ec","target_surv",0.000549958542640806,0.00135850460211601,0.000549958542640806,0.0429417241574559,0.0429596875450739,0.0431123411767983,0.948,0.00702111102319284,0.189636167648567,0.189636167648567,0.189636167648567,1000
"MAR_X",0.3,"naive","target_surv",-0.0579872928461327,0.00133530871424038,-0.0579926316501345,0.0717202373433547,0.0424617031427103,0.0435526613386551,0.747,0.0137473997541353,0.189630177277345,0.189624838473344,0.18963463003166,1000
"MAR_X",0.3,"sm","target_surv",-0.00140724087785036,0.00168854801804334,-0.00141257968185212,0.0533884214199778,0.0535855719511471,0.0555016879267275,0.96,0.00619677335393187,0.189630177277345,0.189624838473344,0.18963463003166,1000
"MAR_X",0.3,"ssm","target_surv_s",-0.00155130247083382,0.00182478557988435,-0.00154684971651949,0.0576967859546554,0.0578947358700597,0.0597449473624346,0.952,0.00675988165576884,0.189630177277345,0.189624838473344,0.18963463003166,1000
"MAR_X",0.3,"ipw","target_pop",-0.00120094054358735,0.00133011319943305,-0.00120094054358735,0.0420579859286194,0.0421996119182231,NA,NA,NA,0.189630177277345,0.189624838473344,0.18963463003166,1000
"MAR_X",0.3,"ec","target_surv",-0.00133711098548393,0.00138782343628557,-0.0013424497894857,0.0438852560913195,0.0440210365694071,0.0448524028284546,0.957,0.00641490451994416,0.189630177277345,0.189624838473344,0.18963463003166,1000
"MAR_X",0,"naive","target_surv",-0.0579872928461327,0.00133530871424038,-0.0579872928461327,0.0717202373433547,0.0422261691647052,0.0432833076517264,0.745,0.0137831418769452,0.189636167648567,0.189636167648567,0.189636167648567,1000
"MAR_X",0,"sm","target_surv",-0.00140724087785036,0.00168854801804334,-0.00140724087785036,0.0533884214199778,0.0533965767558005,0.0552904607747525,0.959,0.00627048642451286,0.189636167648567,0.189636167648567,0.189636167648567,1000
"MAR_X",0,"ssm","target_surv_s",-0.00155130247083382,0.00182478557988435,-0.00155130247083382,0.0576967859546554,0.0577047867386568,0.05951691557592,0.951,0.00682634602111555,0.189636167648567,0.189636167648567,0.189636167648567,1000
"MAR_X",0,"ipw","target_pop",-0.0012041434342703,0.00132650667832592,-0.0012041434342703,0.0419441331903034,0.0419478243493421,NA,NA,NA,0.189636167648567,0.189636167648567,0.189636167648567,1000
"MAR_X",0,"ec","target_surv",-0.00133711098548393,0.00138782343628557,-0.00133711098548393,0.0438852560913195,0.0438868304882398,0.0447059115699963,0.955,0.00655553201502365,0.189636167648567,0.189636167648567,0.189636167648567,1000
"MNAR_trait",0.3,"naive","target_surv",-0.197580679752807,0.0013798226068882,-0.217469836839331,0.202336678651288,0.0438247175079872,0.0428974521500899,0.003,0.00172945077987204,0.189575589025242,0.169686431938718,0.165989163229074,1000
"MNAR_trait",0.3,"sm","target_surv",0.000425863956288626,0.0017069957747043,-0.0194632931302356,0.053954630018125,0.0541001628232336,0.0523994717385121,0.945,0.00720936890441875,0.189575589025242,0.169686431938718,0.165989163229074,1000
"MNAR_trait",0.3,"ssm","target_surv_s",0.00167450170771364,0.00181231486164735,-0.0219119240884547,0.0573062355120213,0.0574415688857584,0.0553258401865636,0.943,0.00733150734842434,0.189575589025242,0.169686431938718,0.165989163229074,1000
"MNAR_trait",0.3,"ipw","target_pop",-0.197955690712851,0.0013814819927638,-0.197955690712851,0.202714181766931,0.0437871441653914,NA,NA,NA,0.189575589025242,0.169686431938718,0.165989163229074,1000
"MNAR_trait",0.3,"ec","target_surv",-0.000712759320124665,0.00141409729062335,-0.0206019164066488,0.0447010011302808,0.0448267163397102,0.0442754086288022,0.945,0.00720936890441875,0.189575589025242,0.169686431938718,0.165989163229074,1000
"MNAR_trait",0,"naive","target_surv",-0.197580679752807,0.0013798226068882,-0.197580679752807,0.202336678651288,0.0436338220475785,0.042695126013802,0.003,0.00172945077987204,0.189636167648567,0.189636167648567,0.189636167648567,1000
"MNAR_trait",0,"sm","target_surv",0.00042586395628863,0.0017069957747043,0.00042586395628863,0.053954630018125,0.0539799460434924,0.0522338777015807,0.943,0.00733150734842434,0.189636167648567,0.189636167648567,0.189636167648567,1000
"MNAR_trait",0,"ssm","target_surv_s",0.00167450170771365,0.00181231486164735,0.00167450170771365,0.0573062355120213,0.0573104280017857,0.0551564920825042,0.942,0.00739161687318817,0.189636167648567,0.189636167648567,0.189636167648567,1000
"MNAR_trait",0,"ipw","target_pop",-0.177832294861838,0.00137852192091038,-0.177832294861838,0.183092182955941,0.043592690745473,NA,NA,NA,0.189636167648567,0.189636167648567,0.189636167648567,1000
"MNAR_trait",0,"ec","target_surv",-0.000712759320124659,0.00141409729062335,-0.000712759320124659,0.0447010011302808,0.0447176827144284,0.0441581187592057,0.944,0.00727076337120113,0.189636167648567,0.189636167648567,0.189636167648567,1000
"MNAR_nonstat",0.3,"naive","target_surv",-0.278750880757046,0.00138675032908334,-0.308193172224996,0.282175843972453,0.0440270127480118,0.0428683285858281,0,0,0.189599354220571,0.160157062752622,0.157686404051271,1000
"MNAR_nonstat",0.3,"sm","target_surv",-0.0808526874449056,0.00165308122104112,-0.110294978912855,0.0962657878630775,0.0523856201105808,0.0523219489295286,0.653,0.0150529399121899,0.189599354220571,0.160157062752622,0.157686404051271,1000
"MNAR_nonstat",0.3,"ssm","target_surv_s",-0.0680528116981733,0.001776842428062,-0.0999657618674737,0.0882337635215348,0.056330291261358,0.0551646578851988,0.76,0.0135055544129073,0.189599354220571,0.160157062752622,0.157686404051271,1000
"MNAR_nonstat",0.3,"ipw","target_pop",-0.291660105489157,0.00138325869084808,-0.291660105489157,0.294918816515914,0.0438125935294303,NA,NA,NA,0.189599354220571,0.160157062752622,0.157686404051271,1000
"MNAR_nonstat",0.3,"ec","target_surv",-0.00167635644237291,0.00142066878877562,-0.0311186479103227,0.0449343040283886,0.0450314904830603,0.0445618579281633,0.946,0.00714730718522718,0.189599354220571,0.160157062752622,0.157686404051271,1000
"MNAR_nonstat",0,"naive","target_surv",-0.278750880757046,0.00138675032908334,-0.278750880757046,0.282175843972453,0.0438528958589141,0.0427014766194421,0,0,0.189636167648567,0.189636167648567,0.189636167648567,1000
"MNAR_nonstat",0,"sm","target_surv",-0.0808526874449056,0.00165308122104112,-0.0808526874449056,0.0962657878630775,0.0522750181574221,0.0521852755464691,0.651,0.0150731217735411,0.189636167648567,0.189636167648567,0.189636167648567,1000
"MNAR_nonstat",0,"ssm","target_surv_s",-0.0680528116981733,0.001776842428062,-0.0680528116981733,0.0882337635215348,0.056188691158998,0.0550240236855192,0.759,0.0135247550809617,0.189636167648567,0.189636167648567,0.189636167648567,1000
"MNAR_nonstat",0,"ipw","target_pop",-0.261999466857746,0.00137978173978838,-0.261999466857746,0.26560424410304,0.0436325297164105,NA,NA,NA,0.189636167648567,0.189636167648567,0.189636167648567,1000
"MNAR_nonstat",0,"ec","target_surv",-0.0016763564423729,0.00142066878877562,-0.0016763564423729,0.0449343040283886,0.044925491732436,0.0444695040587635,0.946,0.00714730718522718,0.189636167648567,0.189636167648567,0.189636167648567,1000
"MNAR_state",0.3,"naive","target_surv",-0.126953046112556,0.00138335015682116,-0.138581296965168,0.134271441177852,0.044002533927553,0.0435398162041098,0.166,0.0117662228433767,0.189650757663719,0.178022506811107,0.17537740890212,1000
"MNAR_state",0.3,"sm","target_surv",0.104047544652877,0.00170576697199323,0.0924192938002655,0.117186274239233,0.0541560413648245,0.0535948885608881,0.528,0.0157865765763195,0.189650757663719,0.178022506811107,0.17537740890212,1000
"MNAR_state",0.3,"ssm","target_surv_s",0.00242720933500188,0.00180942125645877,-0.0118461394265967,0.0572417908804173,0.0574286309813059,0.0572571066696195,0.953,0.00669260786241059,0.189650757663719,0.178022506811107,0.17537740890212,1000
"MNAR_state",0.3,"ipw","target_pop",-0.11466456323441,0.00138772157281288,-0.11466456323441,0.122767289838233,0.044020036660278,NA,NA,NA,0.189650757663719,0.178022506811107,0.17537740890212,1000
"MNAR_state",0.3,"ec","target_surv",0.103239798258207,0.00143202258530132,0.091611547405595,0.112725746573369,0.0454419320422659,0.0450504083120624,0.362,0.0151972365909069,0.189650757663719,0.178022506811107,0.17537740890212,1000
"MNAR_state",0,"naive","target_surv",-0.126953046112556,0.00138335015682116,-0.126953046112556,0.134271441177852,0.0437453729710596,0.0432878613302481,0.164,0.0117091417277271,0.189636167648567,0.189636167648567,0.189636167648567,1000
"MNAR_state",0,"sm","target_surv",0.104047544652877,0.00170576697199323,0.104047544652877,0.117186274239233,0.0539410878898725,0.0533902734394963,0.524,0.0157931630777371,0.189636167648567,0.189636167648567,0.189636167648567,1000
"MNAR_state",0,"ssm","target_surv_s",0.00242720933500188,0.00180942125645877,0.00242720933500188,0.0572417908804173,0.0572189241713337,0.0570508017444497,0.951,0.00682634602111555,0.189636167648567,0.189636167648567,0.189636167648567,1000
"MNAR_state",0,"ipw","target_pop",-0.102873579678811,0.00138387719012596,-0.102873579678811,0.111786288771058,0.043762039227519,NA,NA,NA,0.189636167648567,0.189636167648567,0.189636167648567,1000
"MNAR_state",0,"ec","target_surv",0.103239798258207,0.00143202258530132,0.103239798258207,0.112725746573369,0.0452845303035493,0.0449083454511363,0.361,0.0151881203577006,0.189636167648567,0.189636167648567,0.189636167648567,1000
"MNAR_both",0.3,"naive","target_surv",-0.292339203590238,0.00135280634152673,-0.323370795634006,0.295449597847842,0.0429568833705505,0.0433239565528988,0,0,0.189635652260733,0.158604060216964,0.155768396149399,1000
"MNAR_both",0.3,"sm","target_surv",0.0119247326234298,0.00173266957043607,-0.019106859420339,0.0560476667187413,0.0549464915796085,0.0530008729883411,0.931,0.00801492358042171,0.189635652260733,0.158604060216964,0.155768396149399,1000
"MNAR_both",0.3,"ssm","target_surv_s",-0.0615105425595186,0.00183901880636546,-0.095377798670852,0.0846295162810353,0.0582973708882423,0.056202915764306,0.802,0.012601428490453,0.189635652260733,0.158604060216964,0.155768396149399,1000
"MNAR_both",0.3,"ipw","target_pop",-0.305883965350532,0.00135430506439519,-0.305883965350532,0.30886454688715,0.0428803710002102,NA,NA,NA,0.189635652260733,0.158604060216964,0.155768396149399,1000
"MNAR_both",0.3,"ec","target_surv",0.0783330358479734,0.00142602189663559,0.0473014438042046,0.0903746060372844,0.0451867105183163,0.0453538388087961,0.591,0.0155473148807117,0.189635652260733,0.158604060216964,0.155768396149399,1000
"MNAR_both",0,"naive","target_surv",-0.292339203590238,0.00135280634152673,-0.292339203590238,0.295449597847842,0.0427794927234411,0.0431434275674292,0,0,0.189636167648567,0.189636167648567,0.189636167648567,1000
"MNAR_both",0,"sm","target_surv",0.0119247326234298,0.00173266957043607,0.0119247326234298,0.0560476667187413,0.0547918227504354,0.0528533343484766,0.929,0.00812151463706124,0.189636167648567,0.189636167648567,0.189636167648567,1000
"MNAR_both",0,"ssm","target_surv_s",-0.0615105425595186,0.00183901880636546,-0.0615105425595186,0.0846295162810353,0.0581548808799901,0.0560632009452589,0.802,0.012601428490453,0.189636167648567,0.189636167648567,0.189636167648567,1000
"MNAR_both",0,"ipw","target_pop",-0.274633954214249,0.00135028800345005,-0.274633954214249,0.277930320803476,0.0426998558810346,NA,NA,NA,0.189636167648567,0.189636167648567,0.189636167648567,1000
"MNAR_both",0,"ec","target_surv",0.0783330358479734,0.00142602189663559,0.0783330358479734,0.0903746060372845,0.0450947718664167,0.0452492474539544,0.588,0.0155645751628498,0.189636167648567,0.189636167648567,0.189636167648567,1000
