"var","label","n_T1","n_T0","k_labels","scale_type","spec_scale","qgroup","in_counts","ec_class","ec_subgroup","ec_main","recode","construct","filter","base_rate_T1","base_rate_T0","filter_mismatch","nr_routing_flag","in_universe"
"DQ101","w5問1_意識項目1",3961,887,5,"ordinal","ordinal","",TRUE,"A","",TRUE,"","","",1,1,FALSE,FALSE,TRUE
"DQ102","w5問2_意識項目2",3965,879,5,"ordinal","ordinal","",TRUE,"A","",TRUE,"","","",1,1,FALSE,FALSE,TRUE
"DQ103","w5問3_意識項目3",3951,888,5,"ordinal","ordinal","",TRUE,"D","",FALSE,"","","",1,1,FALSE,FALSE,TRUE
"DQ104","w5問4_意識項目4",3949,891,5,"ordinal","ordinal","",TRUE,"A","",TRUE,"","","",1,1,FALSE,FALSE,TRUE
"DQ105","w5問5_意識項目5",3960,882,5,"ordinal","ordinal","",TRUE,"A","",TRUE,"","","",1,1,FALSE,FALSE,TRUE
"DQ106","w5問6_意識項目6",3965,871,5,"ordinal","ordinal","",TRUE,"A","",TRUE,"","","",1,1,FALSE,FALSE,TRUE
"DQ107","w5問7_意識項目7",3962,885,5,"ordinal","ordinal","",TRUE,"A","",TRUE,"","","",1,1,FALSE,FALSE,TRUE
"DQ108","w5問8_意識項目8",3988,891,5,"ordinal","ordinal","",TRUE,"A","",TRUE,"","","",1,1,FALSE,FALSE,TRUE
"DQ109","w5問9_意識項目9",3956,880,5,"ordinal","ordinal","",TRUE,"A","",TRUE,"","","",1,1,FALSE,FALSE,TRUE
"DQ110","w5問10_意識項目10",3977,888,5,"ordinal","ordinal","",TRUE,"A","",TRUE,"","","",1,1,FALSE,FALSE,TRUE
"DQ111","w5問11_意識項目11",3976,876,5,"ordinal","ordinal","",TRUE,"A","",TRUE,"","","",1,1,FALSE,FALSE,TRUE
"DQ112","w5問12_意識項目12",3973,882,5,"ordinal","ordinal","",TRUE,"A","",TRUE,"","","",1,1,FALSE,FALSE,TRUE
"DQ113","w5問13_意識項目13",3959,866,5,"ordinal","ordinal","",TRUE,"A","",TRUE,"","","",1,1,FALSE,FALSE,TRUE
"DQ114","w5問14_意識項目14",3949,873,5,"ordinal","ordinal","",TRUE,"A","",TRUE,"","","",1,1,FALSE,FALSE,TRUE
"DQ115","w5問15_意識項目15",3954,878,5,"ordinal","ordinal","",TRUE,"A","",TRUE,"","","",1,1,FALSE,FALSE,TRUE
"DQ116","w5問16_意識項目16",3944,881,5,"ordinal","ordinal","",TRUE,"A","",TRUE,"","","",1,1,FALSE,FALSE,TRUE
"DQ117","w5問17_意識項目17",3940,893,5,"ordinal","ordinal","",TRUE,"A","",TRUE,"","","",1,1,FALSE,FALSE,TRUE
"DQ118","w5問18_意識項目18",3956,895,5,"ordinal","ordinal","",TRUE,"A","",TRUE,"","","",1,1,FALSE,FALSE,TRUE
"DQ119","w5問19_意識項目19",3967,903,5,"ordinal","ordinal","",TRUE,"A","",TRUE,"","","",1,1,FALSE,FALSE,TRUE
"DQ120","w5問20_意識項目20",3953,860,5,"ordinal","ordinal","",TRUE,"A","",TRUE,"","","",1,1,FALSE,FALSE,TRUE
"DQ121","w5問21_意識項目21",3944,884,5,"ordinal","ordinal","",TRUE,"A","",TRUE,"","","",1,1,FALSE,FALSE,TRUE
"DQ122","w5問22_意識項目22",3956,883,5,"ordinal","ordinal","",TRUE,"A","",TRUE,"","","",1,1,FALSE,FALSE,TRUE
"DQ123","w5問23_意識項目23",3970,888,5,"ordinal","ordinal","",TRUE,"A","",TRUE,"","","",1,1,FALSE,FALSE,TRUE
"DQ124","w5問24_意識項目24",3968,880,5,"ordinal","ordinal","",TRUE,"A","",TRUE,"","","",1,1,FALSE,FALSE,TRUE
"DQ125","w5問25_意識項目25",3977,893,5,"ordinal","ordinal","",TRUE,"A","",TRUE,"","","",1,1,FALSE,FALSE,TRUE
"DQ126","w5問26_意識項目26",3990,898,5,"ordinal","ordinal","",TRUE,"A","",TRUE,"","","",1,1,FALSE,FALSE,TRUE
"DQ127","w5問27_意識項目27",3948,889,5,"ordinal","ordinal","",TRUE,"","",TRUE,"","","",1,1,FALSE,FALSE,TRUE
"DQ128","w5問28_意識項目28",3964,877,5,"ordinal","ordinal","",TRUE,"","",TRUE,"","","",1,1,FALSE,FALSE,TRUE
"DQ129","w5問29_意識項目29",3964,880,5,"ordinal","ordinal","",TRUE,"","",TRUE,"","","",1,1,FALSE,FALSE,TRUE
"DQ130","w5問30_意識項目30",3979,887,5,"ordinal","ordinal","",TRUE,"","",TRUE,"","","",1,1,FALSE,FALSE,TRUE
"DQ131","w5問31_事実項目31",4091,948,2,"binary","binary","",TRUE,"A","",TRUE,"","","",1,1,FALSE,FALSE,TRUE
"DQ132","w5問32_事実項目32",4079,947,2,"binary","binary","",TRUE,"A","",TRUE,"","","",1,1,FALSE,FALSE,TRUE
"DQ133","w5問33_事実項目33",4081,940,2,"binary","binary","",TRUE,"A","",TRUE,"","","",1,1,FALSE,FALSE,TRUE
"DQ134","w5問34_事実項目34",4053,941,2,"binary","binary","",TRUE,"A","",TRUE,"","","",1,1,FALSE,FALSE,TRUE
"DQ135","w5問35_事実項目35",4068,941,2,"binary","binary","",TRUE,"A","",TRUE,"","","",1,1,FALSE,FALSE,TRUE
"DQ136","w5問36_労働時間36",4030,930,0,"continuous","continuous","",TRUE,"A","",TRUE,"","","",0.968,0.966,FALSE,FALSE,TRUE
"DQ137","w5問37_労働時間37",4033,936,0,"continuous","continuous","",TRUE,"A","",TRUE,"","","",0.969,0.972,FALSE,FALSE,TRUE
"DQ138","w5問38_労働時間38",4037,926,0,"continuous","continuous","",TRUE,"A","",TRUE,"","","",0.97,0.962,FALSE,FALSE,TRUE
"DQ139","w5問39_労働時間39",4046,921,0,"continuous","continuous","",TRUE,"A","",TRUE,"","","",0.972,0.956,FALSE,FALSE,TRUE
"DQ140","w5問40_労働時間40",4041,941,0,"continuous","continuous","",TRUE,"A","",TRUE,"","","",0.97,0.977,FALSE,FALSE,TRUE
"DQ02","w5_就業",4164,963,2,"binary","binary","",TRUE,"A","",TRUE,"","","",1,1,FALSE,FALSE,TRUE
"DQ43__1","w5問43_婚姻: 既婚",4164,963,2,"binary","nominal","DQ43",TRUE,"A","",TRUE,"","indicators","",1,1,FALSE,FALSE,TRUE
"DQ43__2","w5問43_婚姻: 未婚",4164,963,2,"binary","nominal","DQ43",TRUE,"A","",TRUE,"","indicators","",0,0,FALSE,FALSE,TRUE
"DQ15","w5問15_喫煙",4080,948,4,"ordinal","ordinal","",TRUE,"A","",TRUE,"2=1;3=2;4=3;5=4","","",1,1,FALSE,FALSE,TRUE
"DQ30__1","w5問30_支持政党: 自民党",3900,906,2,"binary","nominal","DQ30",TRUE,"A","",TRUE,"7=8","indicators","",1,1,FALSE,FALSE,TRUE
"DQ30__2","w5問30_支持政党: 民主党",3900,906,2,"binary","nominal","DQ30",TRUE,"A","",TRUE,"7=8","indicators","",0,0,FALSE,FALSE,TRUE
"DQ30__3","w5問30_支持政党: 公明党",3900,906,2,"binary","nominal","DQ30",TRUE,"A","",TRUE,"7=8","indicators","",0,0,FALSE,FALSE,TRUE
"DQ30__4","w5問30_支持政党: 共産党",3900,906,2,"binary","nominal","DQ30",TRUE,"A","",TRUE,"7=8","indicators","",0,0,FALSE,FALSE,TRUE
"DQ30__5","w5問30_支持政党: 社民党",3900,906,2,"binary","nominal","DQ30",TRUE,"A","",TRUE,"7=8","indicators","",0,0,FALSE,FALSE,TRUE
"DQ30__6","w5問30_支持政党: 国民新党",3900,906,2,"binary","nominal","DQ30",TRUE,"A","",TRUE,"7=8","indicators","",0,0,FALSE,FALSE,TRUE
"DQ30__8","w5問30_支持政党: その他の政党",3900,906,2,"binary","nominal","DQ30",TRUE,"A","",TRUE,"7=8","indicators","",0,0,FALSE,FALSE,TRUE
"DQ30__9","w5問30_支持政党: 特に支持する政党はない",3900,906,2,"binary","nominal","DQ30",TRUE,"A","",TRUE,"7=8","indicators","",0,0,FALSE,FALSE,TRUE
"DQ03_1__1","w5問3(1)_現職・働き方: 経営者、役員",2059,476,2,"binary","nominal","DQ03_1",TRUE,"C","employed2007",TRUE,"12=3","indicators","",0.507,0.504,FALSE,FALSE,TRUE
"DQ03_1__2","w5問3(1)_現職・働き方: 正社員・正職員",2059,476,2,"binary","nominal","DQ03_1",TRUE,"C","employed2007",TRUE,"12=3","indicators","",0,0,FALSE,FALSE,TRUE
"DQ03_1__3","w5問3(1)_現職・働き方: パート・アルバイト・契約・臨時・嘱託",2059,476,2,"binary","nominal","DQ03_1",TRUE,"C","employed2007",TRUE,"12=3","indicators","",0,0,FALSE,FALSE,TRUE
"DQ03_1__4","w5問3(1)_現職・働き方: 派遣社員",2059,476,2,"binary","nominal","DQ03_1",TRUE,"C","employed2007",TRUE,"12=3","indicators","",0,0,FALSE,FALSE,TRUE
"DQ03_1__5","w5問3(1)_現職・働き方: 請負社員",2059,476,2,"binary","nominal","DQ03_1",TRUE,"C","employed2007",TRUE,"12=3","indicators","",0,0,FALSE,FALSE,TRUE
"DQ03_1__6","w5問3(1)_現職・働き方: 自営業主、自由業者",2059,476,2,"binary","nominal","DQ03_1",TRUE,"C","employed2007",TRUE,"12=3","indicators","",0,0,FALSE,FALSE,TRUE
"DQ03_1__7","w5問3(1)_現職・働き方: 家族従業者",2059,476,2,"binary","nominal","DQ03_1",TRUE,"C","employed2007",TRUE,"12=3","indicators","",0,0,FALSE,FALSE,TRUE
"DQ03_1__8","w5問3(1)_現職・働き方: 内職",2059,476,2,"binary","nominal","DQ03_1",TRUE,"C","employed2007",TRUE,"12=3","indicators","",0,0,FALSE,FALSE,TRUE
"DQ03_1__9","w5問3(1)_現職・働き方: その他",2059,476,2,"binary","nominal","DQ03_1",TRUE,"C","employed2007",TRUE,"12=3","indicators","",0,0,FALSE,FALSE,TRUE
"DQ03_2__1","w5問3(2)_現職・職業―大分類(プリコード): 専門職・技術職",2063,474,2,"binary","nominal","DQ03_2",TRUE,"C","employed2007",TRUE,"","indicators","",0.507,0.506,FALSE,FALSE,TRUE
"DQ03_2__2","w5問3(2)_現職・職業―大分類(プリコード): 管理職",2063,474,2,"binary","nominal","DQ03_2",TRUE,"C","employed2007",TRUE,"","indicators","",0,0,FALSE,FALSE,TRUE
"DQ03_2__3","w5問3(2)_現職・職業―大分類(プリコード): 事務職",2063,474,2,"binary","nominal","DQ03_2",TRUE,"C","employed2007",TRUE,"","indicators","",0,0,FALSE,FALSE,TRUE
"DQ03_2__4","w5問3(2)_現職・職業―大分類(プリコード): 販売職",2063,474,2,"binary","nominal","DQ03_2",TRUE,"C","employed2007",TRUE,"","indicators","",0,0,FALSE,FALSE,TRUE
"DQ03_2__5","w5問3(2)_現職・職業―大分類(プリコード): サービス職",2063,474,2,"binary","nominal","DQ03_2",TRUE,"C","employed2007",TRUE,"","indicators","",0,0,FALSE,FALSE,TRUE
"DQ03_2__6","w5問3(2)_現職・職業―大分類(プリコード): 生産現場職・技能職",2063,474,2,"binary","nominal","DQ03_2",TRUE,"C","employed2007",TRUE,"","indicators","",0,0,FALSE,FALSE,TRUE
"DQ03_2__7","w5問3(2)_現職・職業―大分類(プリコード): 運輸・保安職",2063,474,2,"binary","nominal","DQ03_2",TRUE,"C","employed2007",TRUE,"","indicators","",0,0,FALSE,FALSE,TRUE
"DQ03_2__8","w5問3(2)_現職・職業―大分類(プリコード): その他",2063,474,2,"binary","nominal","DQ03_2",TRUE,"C","employed2007",TRUE,"","indicators","",0,0,FALSE,FALSE,TRUE
"DQ42_A","w5問42_健康保険―A",3738,862,2,"binary","binary","",TRUE,"","",FALSE,"","","not:DQ42_G=1",0.898,0.895,FALSE,FALSE,TRUE
"DQ42_B","w5問42_健康保険―B",3738,862,2,"binary","binary","",TRUE,"","",FALSE,"","","not:DQ42_G=1",0.898,0.895,FALSE,FALSE,TRUE
"DQ57A","w5問57A_起床_時刻の回答形式",4164,963,2,"binary","binary","",TRUE,"B","",TRUE,"","","",1,1,FALSE,FALSE,TRUE
"DQ57B__1","w5問57B_家を出る_時刻の回答形式: だいたい午前／午後×時○分ころ",4164,963,2,"binary","nominal","DQ57B",TRUE,"B","",TRUE,"","indicators","",1,1,FALSE,FALSE,TRUE
"DQ57B__2","w5問57B_家を出る_時刻の回答形式: 特に決まっていない",4164,963,2,"binary","nominal","DQ57B",TRUE,"B","",TRUE,"","indicators","",0,0,FALSE,FALSE,TRUE
"DQ57B__3","w5問57B_家を出る_時刻の回答形式: 主に家にいる",4164,963,2,"binary","nominal","DQ57B",TRUE,"B","",TRUE,"","indicators","",0,0,FALSE,FALSE,TRUE
"DQ57C__1","w5問57C_帰宅_時刻の回答形式: だいたい午前／午後×時○分ころ",4164,963,2,"binary","nominal","DQ57C",TRUE,"B","",TRUE,"","indicators","",1,1,FALSE,FALSE,TRUE
"DQ57C__2","w5問57C_帰宅_時刻の回答形式: 特に決まっていない",4164,963,2,"binary","nominal","DQ57C",TRUE,"B","",TRUE,"","indicators","",0,0,FALSE,FALSE,TRUE
"DQ57C__3","w5問57C_帰宅_時刻の回答形式: 主に家にいる",4164,963,2,"binary","nominal","DQ57C",TRUE,"B","",TRUE,"","indicators","",0,0,FALSE,FALSE,TRUE
"DQ57D","w5問57D_就寝_時刻の回答形式",4164,963,2,"binary","binary","",TRUE,"B","",TRUE,"","","",1,1,FALSE,FALSE,TRUE
"DQ03_5E","w5問3(5)-5_収入の形態―年俸",4164,963,2,"binary","binary","",TRUE,"","",FALSE,"","","",1,1,FALSE,FALSE,TRUE
"DQ03_5ES","w5問3(5)-5_収入の金額―年俸",1064,246,0,"continuous","continuous","",TRUE,"","",FALSE,"","","DQ03_5E=1",0.256,0.255,FALSE,FALSE,TRUE
"DQ03_13","w5問3(13)_現在の会社で当面仕事を続けるか",1956,440,3,"ordinal","ordinal","",TRUE,"C","employed2007",TRUE,"","","",0.501,0.496,FALSE,FALSE,TRUE
"DQ17A","w5問17A_中3時の父親の喫煙",3905,890,3,"ordinal","ordinal","",TRUE,"","",FALSE,"","","",0.955,0.947,FALSE,FALSE,TRUE
"dq57a_hr","起床時刻(時; 分を含む)",3715,862,0,"continuous","continuous","",TRUE,"B","",TRUE,"","clock:DQ57AX,DQ57AY,DQ57AZ,wake","",0.892,0.895,FALSE,FALSE,TRUE
"dq57b_hr","家を出る時刻(時)",3320,761,0,"continuous","continuous","",TRUE,"B","",TRUE,"","clock:DQ57BX,DQ57BY,DQ57BZ,leave","",0.797,0.79,FALSE,FALSE,TRUE
"dq57c_hr","帰宅時刻(時; 家を出る時刻より前なら +24)",3288,765,0,"continuous","continuous","",TRUE,"B","",TRUE,"","clock:DQ57CX,DQ57CY,DQ57CZ,return,dq57b_hr","",0.79,0.794,FALSE,FALSE,TRUE
"dq57d_hr","就寝時刻(時; 0-11 時は +24, 午後12時は 24)",3714,848,0,"continuous","continuous","",TRUE,"B","",TRUE,"","clock:DQ57DX,DQ57DY,DQ57DZ,bed","",0.892,0.881,FALSE,FALSE,TRUE
"dq57d_hr_s12","就寝時刻(感度: 午後12時を欠損に)",3714,848,0,"continuous","continuous","",FALSE,"B","",TRUE,"","clock:DQ57DX,DQ57DY,DQ57DZ,bed_s12","",0.892,0.881,FALSE,FALSE,TRUE
"dq54_1_months","交際期間(月数 = 年×12 + 月)",1662,404,0,"continuous","continuous","",TRUE,"C","partner2007",TRUE,"","months:DQ54_1Y,DQ54_1M","",0.399,0.42,FALSE,FALSE,TRUE
