"var","label","scale","codes","labels","dk","nr","nap","ref"
"DQ101","w5問1_意識項目1","ordinal","1;2;3;4;5","そう思う | どちらかといえばそう思う | どちらともいえない | どちらかといえばそう思わない | そう思わない","8","9","",""
"DQ102","w5問2_意識項目2","ordinal","1;2;3;4;5","そう思う | どちらかといえばそう思う | どちらともいえない | どちらかといえばそう思わない | そう思わない","8","9","",""
"DQ103","w5問3_意識項目3","ordinal","1;2;3;4;5","そう思う | どちらかといえばそう思う | どちらともいえない | どちらかといえばそう思わない | そう思わない","8","9","",""
"DQ104","w5問4_意識項目4","ordinal","1;2;3;4;5","そう思う | どちらかといえばそう思う | どちらともいえない | どちらかといえばそう思わない | そう思わない","8","9","",""
"DQ105","w5問5_意識項目5","ordinal","1;2;3;4;5","そう思う | どちらかといえばそう思う | どちらともいえない | どちらかといえばそう思わない | そう思わない","8","9","",""
"DQ106","w5問6_意識項目6","ordinal","1;2;3;4;5","そう思う | どちらかといえばそう思う | どちらともいえない | どちらかといえばそう思わない | そう思わない","8","9","",""
"DQ107","w5問7_意識項目7","ordinal","1;2;3;4;5","そう思う | どちらかといえばそう思う | どちらともいえない | どちらかといえばそう思わない | そう思わない","8","9","",""
"DQ108","w5問8_意識項目8","ordinal","1;2;3;4;5","そう思う | どちらかといえばそう思う | どちらともいえない | どちらかといえばそう思わない | そう思わない","8","9","",""
"DQ109","w5問9_意識項目9","ordinal","1;2;3;4;5","そう思う | どちらかといえばそう思う | どちらともいえない | どちらかといえばそう思わない | そう思わない","8","9","",""
"DQ110","w5問10_意識項目10","ordinal","1;2;3;4;5","そう思う | どちらかといえばそう思う | どちらともいえない | どちらかといえばそう思わない | そう思わない","8","9","",""
"DQ111","w5問11_意識項目11","ordinal","1;2;3;4;5","そう思う | どちらかといえばそう思う | どちらともいえない | どちらかといえばそう思わない | そう思わない","8","9","",""
"DQ112","w5問12_意識項目12","ordinal","1;2;3;4;5","そう思う | どちらかといえばそう思う | どちらともいえない | どちらかといえばそう思わない | そう思わない","8","9","",""
"DQ113","w5問13_意識項目13","ordinal","1;2;3;4;5","そう思う | どちらかといえばそう思う | どちらともいえない | どちらかといえばそう思わない | そう思わない","8","9","",""
"DQ114","w5問14_意識項目14","ordinal","1;2;3;4;5","そう思う | どちらかといえばそう思う | どちらともいえない | どちらかといえばそう思わない | そう思わない","8","9","",""
"DQ115","w5問15_意識項目15","ordinal","1;2;3;4;5","そう思う | どちらかといえばそう思う | どちらともいえない | どちらかといえばそう思わない | そう思わない","8","9","",""
"DQ116","w5問16_意識項目16","ordinal","1;2;3;4;5","そう思う | どちらかといえばそう思う | どちらともいえない | どちらかといえばそう思わない | そう思わない","8","9","",""
"DQ117","w5問17_意識項目17","ordinal","1;2;3;4;5","そう思う | どちらかといえばそう思う | どちらともいえない | どちらかといえばそう思わない | そう思わない","8","9","",""
"DQ118","w5問18_意識項目18","ordinal","1;2;3;4;5","そう思う | どちらかといえばそう思う | どちらともいえない | どちらかといえばそう思わない | そう思わない","8","9","",""
"DQ119","w5問19_意識項目19","ordinal","1;2;3;4;5","そう思う | どちらかといえばそう思う | どちらともいえない | どちらかといえばそう思わない | そう思わない","8","9","",""
"DQ120","w5問20_意識項目20","ordinal","1;2;3;4;5","そう思う | どちらかといえばそう思う | どちらともいえない | どちらかといえばそう思わない | そう思わない","8","9","",""
"DQ121","w5問21_意識項目21","ordinal","1;2;3;4;5","そう思う | どちらかといえばそう思う | どちらともいえない | どちらかといえばそう思わない | そう思わない","8","9","",""
"DQ122","w5問22_意識項目22","ordinal","1;2;3;4;5","そう思う | どちらかといえばそう思う | どちらともいえない | どちらかといえばそう思わない | そう思わない","8","9","",""
"DQ123","w5問23_意識項目23","ordinal","1;2;3;4;5","そう思う | どちらかといえばそう思う | どちらともいえない | どちらかといえばそう思わない | そう思わない","8","9","",""
"DQ124","w5問24_意識項目24","ordinal","1;2;3;4;5","そう思う | どちらかといえばそう思う | どちらともいえない | どちらかといえばそう思わない | そう思わない","8","9","",""
"DQ125","w5問25_意識項目25","ordinal","1;2;3;4;5","そう思う | どちらかといえばそう思う | どちらともいえない | どちらかといえばそう思わない | そう思わない","8","9","",""
"DQ126","w5問26_意識項目26","ordinal","1;2;3;4;5","そう思う | どちらかといえばそう思う | どちらともいえない | どちらかといえばそう思わない | そう思わない","8","9","",""
"DQ127","w5問27_意識項目27","ordinal","1;2;3;4;5","そう思う | どちらかといえばそう思う | どちらともいえない | どちらかといえばそう思わない | そう思わない","8","9","",""
"DQ128","w5問28_意識項目28","ordinal","1;2;3;4;5","そう思う | どちらかといえばそう思う | どちらともいえない | どちらかといえばそう思わない | そう思わない","8","9","",""
"DQ129","w5問29_意識項目29","ordinal","1;2;3;4;5","そう思う | どちらかといえばそう思う | どちらともいえない | どちらかといえばそう思わない | そう思わない","8","9","",""
"DQ130","w5問30_意識項目30","ordinal","1;2;3;4;5","そう思う | どちらかといえばそう思う | どちらともいえない | どちらかといえばそう思わない | そう思わない","8","9","",""
"DQ131","w5問31_事実項目31","binary","1;2","はい | いいえ","","9","",""
"DQ132","w5問32_事実項目32","binary","1;2","はい | いいえ","","9","",""
"DQ133","w5問33_事実項目33","binary","1;2","はい | いいえ","","9","",""
"DQ134","w5問34_事実項目34","binary","1;2","はい | いいえ","","9","",""
"DQ135","w5問35_事実項目35","binary","1;2","はい | いいえ","","9","",""
"DQ136","w5問36_労働時間36","continuous","","","","","",""
"DQ137","w5問37_労働時間37","continuous","","","","","",""
"DQ138","w5問38_労働時間38","continuous","","","","","",""
"DQ139","w5問39_労働時間39","continuous","","","","","",""
"DQ140","w5問40_労働時間40","continuous","","","","","",""
"DQ02","w5_就業","binary","1;2","いる | いない","","","",""
"DQ43__1","w5問43_婚姻: 既婚","binary","0;1","0 | 1","","","",""
"DQ43__2","w5問43_婚姻: 未婚","binary","0;1","0 | 1","","","",""
"DQ15","w5問15_喫煙","ordinal","1;2;3;4","喫煙したことがない | 1～10本 | 11～20本 | 21本以上","","9","",""
"DQ30__1","w5問30_支持政党: 自民党","binary","0;1","0 | 1","10","99","",""
"DQ30__2","w5問30_支持政党: 民主党","binary","0;1","0 | 1","10","99","",""
"DQ30__3","w5問30_支持政党: 公明党","binary","0;1","0 | 1","10","99","",""
"DQ30__4","w5問30_支持政党: 共産党","binary","0;1","0 | 1","10","99","",""
"DQ30__5","w5問30_支持政党: 社民党","binary","0;1","0 | 1","10","99","",""
"DQ30__6","w5問30_支持政党: 国民新党","binary","0;1","0 | 1","10","99","",""
"DQ30__8","w5問30_支持政党: その他の政党","binary","0;1","0 | 1","10","99","",""
"DQ30__9","w5問30_支持政党: 特に支持する政党はない","binary","0;1","0 | 1","10","99","",""
"DQ03_1__1","w5問3(1)_現職・働き方: 経営者、役員","binary","0;1","0 | 1","","99","88;10;11",""
"DQ03_1__2","w5問3(1)_現職・働き方: 正社員・正職員","binary","0;1","0 | 1","","99","88;10;11",""
"DQ03_1__3","w5問3(1)_現職・働き方: パート・アルバイト・契約・臨時・嘱託","binary","0;1","0 | 1","","99","88;10;11",""
"DQ03_1__4","w5問3(1)_現職・働き方: 派遣社員","binary","0;1","0 | 1","","99","88;10;11",""
"DQ03_1__5","w5問3(1)_現職・働き方: 請負社員","binary","0;1","0 | 1","","99","88;10;11",""
"DQ03_1__6","w5問3(1)_現職・働き方: 自営業主、自由業者","binary","0;1","0 | 1","","99","88;10;11",""
"DQ03_1__7","w5問3(1)_現職・働き方: 家族従業者","binary","0;1","0 | 1","","99","88;10;11",""
"DQ03_1__8","w5問3(1)_現職・働き方: 内職","binary","0;1","0 | 1","","99","88;10;11",""
"DQ03_1__9","w5問3(1)_現職・働き方: その他","binary","0;1","0 | 1","","99","88;10;11",""
"DQ03_2__1","w5問3(2)_現職・職業―大分類(プリコード): 専門職・技術職","binary","0;1","0 | 1","","99","88",""
"DQ03_2__2","w5問3(2)_現職・職業―大分類(プリコード): 管理職","binary","0;1","0 | 1","","99","88",""
"DQ03_2__3","w5問3(2)_現職・職業―大分類(プリコード): 事務職","binary","0;1","0 | 1","","99","88",""
"DQ03_2__4","w5問3(2)_現職・職業―大分類(プリコード): 販売職","binary","0;1","0 | 1","","99","88",""
"DQ03_2__5","w5問3(2)_現職・職業―大分類(プリコード): サービス職","binary","0;1","0 | 1","","99","88",""
"DQ03_2__6","w5問3(2)_現職・職業―大分類(プリコード): 生産現場職・技能職","binary","0;1","0 | 1","","99","88",""
"DQ03_2__7","w5問3(2)_現職・職業―大分類(プリコード): 運輸・保安職","binary","0;1","0 | 1","","99","88",""
"DQ03_2__8","w5問3(2)_現職・職業―大分類(プリコード): その他","binary","0;1","0 | 1","","99","88",""
"DQ42_A","w5問42_健康保険―A","binary","1;2","選択 | 非選択","","9","",""
"DQ42_B","w5問42_健康保険―B","binary","1;2","選択 | 非選択","","9","",""
"DQ57A","w5問57A_起床_時刻の回答形式","binary","1;2","だいたい午前／午後×時○分ころ | 特に決まっていない","","9","",""
"DQ57B__1","w5問57B_家を出る_時刻の回答形式: だいたい午前／午後×時○分ころ","binary","0;1","0 | 1","","9","",""
"DQ57B__2","w5問57B_家を出る_時刻の回答形式: 特に決まっていない","binary","0;1","0 | 1","","9","",""
"DQ57B__3","w5問57B_家を出る_時刻の回答形式: 主に家にいる","binary","0;1","0 | 1","","9","",""
"DQ57C__1","w5問57C_帰宅_時刻の回答形式: だいたい午前／午後×時○分ころ","binary","0;1","0 | 1","","9","",""
"DQ57C__2","w5問57C_帰宅_時刻の回答形式: 特に決まっていない","binary","0;1","0 | 1","","9","",""
"DQ57C__3","w5問57C_帰宅_時刻の回答形式: 主に家にいる","binary","0;1","0 | 1","","9","",""
"DQ57D","w5問57D_就寝_時刻の回答形式","binary","1;2","だいたい午前／午後×時○分ころ | 特に決まっていない","","9","",""
"DQ03_5E","w5問3(5)-5_収入の形態―年俸","binary","1;2","選択 | 非選択","","9","",""
"DQ03_5ES","w5問3(5)-5_収入の金額―年俸","continuous","","","","","",""
"DQ03_13","w5問3(13)_現在の会社で当面仕事を続けるか","ordinal","1;2;3","続けるつもり | やめることを考えている | すぐにやめる","4","9","8",""
"DQ17A","w5問17A_中3時の父親の喫煙","ordinal","1;2;3","まったく吸ったことがない | 禁煙していた | 吸っていた","","9","4",""
"dq57a_hr","起床時刻(時; 分を含む)","continuous","","","","","",""
"dq57b_hr","家を出る時刻(時)","continuous","","","","","",""
"dq57c_hr","帰宅時刻(時; 家を出る時刻より前なら +24)","continuous","","","","","",""
"dq57d_hr","就寝時刻(時; 0-11 時は +24, 午後12時は 24)","continuous","","","","","",""
"dq57d_hr_s12","就寝時刻(感度: 午後12時を欠損に)","continuous","","","","","",""
"dq54_1_months","交際期間(月数 = 年×12 + 月)","continuous","","","","","",""
