"dose_def","family","estimator","n_items","n_affected","n_equivalent","n_undetermined","median_abs_d","share_positive"
"exact","A_substantive","naive",88,35,6,47,0.0643,0.636
"exact","A_substantive","sm",88,6,3,79,0.0328,0.545
"exact","A_substantive","ssm",88,5,0,83,0.0373,0.58
"exact","A_substantive","ec",76,4,19,53,0.0303,0.461
"exact","A_substantive","ec_adj",76,4,20,52,0.0292,0.461
"exact","B_itemnonresp","naive",41,0,40,1,0.0237,0.244
"exact","B_itemnonresp","sm",41,0,35,6,0.0241,0.39
"exact","B_itemnonresp","ssm",41,0,35,6,0.0392,0.439
"exact","B_itemnonresp","ec",34,0,31,3,0.0247,0.324
"exact","B_itemnonresp","ec_adj",34,0,31,3,0.0246,0.353
"exact","B_dk","naive",32,30,1,1,0.1482,0.031
"exact","B_dk","sm",32,29,1,2,0.1412,0
"exact","B_dk","ssm",32,29,0,3,0.1426,0
"exact","B_dk","ec",27,24,2,1,0.1532,0.074
"exact","B_dk","ec_adj",27,24,2,1,0.1505,0.074
"exact","P_style","naive",4,4,0,0,0.1196,0.25
"exact","P_style","sm",4,3,1,0,0.156,0.25
"exact","P_style","ssm",4,3,1,0,0.1625,0.25
"exact","P_style","ec",4,4,0,0,0.1255,0.25
"exact","P_style","ec_adj",4,4,0,0,0.1237,0.25
"any","A_substantive","naive",88,6,31,51,0.0269,0.602
"any","A_substantive","sm",88,20,3,65,0.0646,0.386
"any","A_substantive","ssm",88,9,0,79,0.0576,0.398
"any","A_substantive","ec",76,4,28,44,0.0247,0.421
"any","A_substantive","ec_adj",76,4,28,44,0.0233,0.461
"any","B_itemnonresp","naive",41,0,39,2,0.027,0.341
"any","B_itemnonresp","sm",41,0,36,5,0.0268,0.512
"any","B_itemnonresp","ssm",41,0,34,7,0.0339,0.488
"any","B_itemnonresp","ec",34,0,32,2,0.0257,0.353
"any","B_itemnonresp","ec_adj",34,0,32,2,0.0245,0.353
"any","B_dk","naive",32,30,1,1,0.1494,0.031
"any","B_dk","sm",32,29,1,2,0.1428,0.031
"any","B_dk","ssm",32,29,0,3,0.1469,0.031
"any","B_dk","ec",27,25,1,1,0.1514,0.074
"any","B_dk","ec_adj",27,25,1,1,0.1526,0.074
"any","P_style","naive",4,4,0,0,0.1086,0.25
"any","P_style","sm",4,3,1,0,0.1421,0.25
"any","P_style","ssm",4,3,1,0,0.1466,0.25
"any","P_style","ec",4,4,0,0,0.1217,0.25
"any","P_style","ec_adj",4,4,0,0,0.1217,0.25
