"dose_def","var","label","estimator","estimate","se_boot","q_main","q_ab","class3_main","class3_ab","ec_class"
"any","DQ101","w5問1_意識項目1","ec",0.23469,0.042,5.801e-07,4.351e-07,"affected","affected","A"
"any","DQ102","w5問2_意識項目2","ec",0.2616,0.04056,4.24e-09,3.18e-09,"affected","affected","A"
"any","DQ104","w5問4_意識項目4","ec",-0.27794,0.03688,3.652e-12,2.739e-12,"affected","affected","A"
"any","DQ105","w5問5_意識項目5","ec",-0.07553,0.03652,0.4627,0.3845,"undetermined","undetermined","A"
"any","DQ106","w5問6_意識項目6","ec",-0.03995,0.04337,0.9966,0.9966,"undetermined","equivalent","A"
"any","DQ107","w5問7_意識項目7","ec",0.06533,0.04083,0.6452,0.6937,"undetermined","undetermined","A"
"any","DQ108","w5問8_意識項目8","ec",-0.00129,0.0386,0.9966,0.9966,"equivalent","equivalent","A"
"any","DQ109","w5問9_意識項目9","ec",-0.00027,0.04157,0.9966,0.9966,"equivalent","equivalent","A"
"any","DQ110","w5問10_意識項目10","ec",-0.08912,0.04648,0.5244,0.4495,"undetermined","undetermined","A"
"any","DQ111","w5問11_意識項目11","ec",0.00388,0.03604,0.9966,0.9966,"equivalent","equivalent","A"
"any","DQ112","w5問12_意識項目12","ec",-0.03393,0.04089,0.9966,0.9966,"equivalent","equivalent","A"
"any","DQ113","w5問13_意識項目13","ec",-0.01779,0.04564,0.9966,0.9966,"equivalent","equivalent","A"
"any","DQ114","w5問14_意識項目14","ec",-0.00019,0.04569,0.9966,0.9966,"equivalent","equivalent","A"
"any","DQ115","w5問15_意識項目15","ec",-0.08707,0.0425,0.4627,0.3845,"undetermined","undetermined","A"
"any","DQ116","w5問16_意識項目16","ec",-0.01138,0.03819,0.9966,0.9966,"equivalent","equivalent","A"
"any","DQ117","w5問17_意識項目17","ec",-0.01206,0.04309,0.9966,0.9966,"equivalent","equivalent","A"
"any","DQ118","w5問18_意識項目18","ec",-0.01031,0.0508,0.9966,0.9966,"equivalent","equivalent","A"
"any","DQ119","w5問19_意識項目19","ec",0.02712,0.04396,0.9966,0.9966,"equivalent","equivalent","A"
"any","DQ120","w5問20_意識項目20","ec",-0.01125,0.03629,0.9966,0.9966,"equivalent","equivalent","A"
"any","DQ121","w5問21_意識項目21","ec",-0.00451,0.03679,0.9966,0.9966,"equivalent","equivalent","A"
"any","DQ122","w5問22_意識項目22","ec",-0.02079,0.04018,0.9966,0.9966,"equivalent","equivalent","A"
"any","DQ123","w5問23_意識項目23","ec",0.0035,0.05004,0.9966,0.9966,"equivalent","equivalent","A"
"any","DQ124","w5問24_意識項目24","ec",-0.00046,0.04281,0.9966,0.9966,"equivalent","equivalent","A"
"any","DQ125","w5問25_意識項目25","ec",0.00042,0.04164,0.9966,0.9966,"equivalent","equivalent","A"
"any","DQ131","w5問31_事実項目31","ec",0.01986,0.01953,0.9966,0.9966,"undetermined","undetermined","A"
"any","DQ132","w5問32_事実項目32","ec",-0.01321,0.01693,0.9966,0.9966,"undetermined","undetermined","A"
"any","DQ133","w5問33_事実項目33","ec",-0.00816,0.01903,0.9966,0.9966,"undetermined","undetermined","A"
"any","DQ134","w5問34_事実項目34","ec",0.00015,0.01827,0.9966,0.9966,"undetermined","undetermined","A"
"any","DQ135","w5問35_事実項目35","ec",-0.01138,0.01859,0.9966,0.9966,"undetermined","undetermined","A"
"any","DQ136","w5問36_労働時間36","ec",-0.05869,0.20642,0.9966,0.9966,"equivalent","equivalent","A"
"any","DQ137","w5問37_労働時間37","ec",0.06861,0.25496,0.9966,0.9966,"equivalent","equivalent","A"
"any","DQ138","w5問38_労働時間38","ec",-0.306,0.24206,0.9217,0.9966,"undetermined","undetermined","A"
"any","DQ139","w5問39_労働時間39","ec",-0.17214,0.28329,0.9966,0.9966,"undetermined","equivalent","A"
"any","DQ140","w5問40_労働時間40","ec",0.11186,0.27404,0.9966,0.9966,"equivalent","equivalent","A"
"any","DQ15","w5問15_喫煙","ec",0.23393,0.04337,1.307e-06,9.803e-07,"affected","affected","A"
"any","DQ30__1","w5問30_支持政党: 自民党","ec",0.00626,0.01696,0.9966,0.9966,"undetermined","undetermined","A"
"any","DQ30__2","w5問30_支持政党: 民主党","ec",-0.01689,0.01284,0.8953,0.9966,"undetermined","undetermined","A"
"any","DQ30__3","w5問30_支持政党: 公明党","ec",-0.00482,0.00989,0.9966,0.9966,"undetermined","undetermined","A"
"any","DQ30__4","w5問30_支持政党: 共産党","ec",0.002,0.00578,0.9966,0.9966,"equivalent","equivalent","A"
"any","DQ30__5","w5問30_支持政党: 社民党","ec",-0.00368,0.00505,0.9966,0.9966,"equivalent","equivalent","A"
"any","DQ30__6","w5問30_支持政党: 国民新党","ec",-0.00295,0.00391,0.9966,0.9966,"equivalent","equivalent","A"
"any","DQ30__8","w5問30_支持政党: その他の政党","ec",0.00923,0.00785,0.9966,0.9966,"undetermined","undetermined","A"
"any","DQ30__9","w5問30_支持政党: 特に支持する政党はない","ec",0.01084,0.01986,0.9966,0.9966,"undetermined","undetermined","A"
"any","DQ43__1","w5問43_婚姻: 既婚","ec",0.01633,0.01597,0.9966,0.9966,"undetermined","undetermined","A"
"any","DQ43__2","w5問43_婚姻: 未婚","ec",-0.01633,0.01597,0.9966,0.9966,"undetermined","undetermined","A"
"any","DQ57A","w5問57A_起床_時刻の回答形式","ec",-0.00163,0.01112,0.9966,0.9966,"undetermined","equivalent","B"
"any","DQ57B__1","w5問57B_家を出る_時刻の回答形式: だいたい午前／午後×時○分ころ","ec",0.00822,0.01167,0.9966,0.9966,"undetermined","undetermined","B"
"any","DQ57B__2","w5問57B_家を出る_時刻の回答形式: 特に決まっていない","ec",-0.00159,0.0112,0.9966,0.9966,"undetermined","equivalent","B"
"any","DQ57B__3","w5問57B_家を出る_時刻の回答形式: 主に家にいる","ec",-0.00662,0.01049,0.9966,0.9966,"undetermined","undetermined","B"
"any","DQ57C__1","w5問57C_帰宅_時刻の回答形式: だいたい午前／午後×時○分ころ","ec",-0.00577,0.0154,0.9966,0.9966,"undetermined","undetermined","B"
"any","DQ57C__2","w5問57C_帰宅_時刻の回答形式: 特に決まっていない","ec",-0.00932,0.01222,0.9966,0.9966,"undetermined","undetermined","B"
"any","DQ57C__3","w5問57C_帰宅_時刻の回答形式: 主に家にいる","ec",0.01509,0.00817,0.5479,0.4623,"undetermined","undetermined","B"
"any","DQ57D","w5問57D_就寝_時刻の回答形式","ec",-0.01006,0.01243,0.9966,0.9966,"undetermined","undetermined","B"
"any","dq57a_hr","起床時刻(時; 分を含む)","ec",-0.02554,0.04216,0.9966,0.9966,"equivalent","equivalent","B"
"any","dq57b_hr","家を出る時刻(時)","ec",-0.0342,0.04071,0.9966,0.9966,"undetermined","equivalent","B"
"any","dq57c_hr","帰宅時刻(時; 家を出る時刻より前なら +24)","ec",-0.04011,0.09641,0.9966,0.9966,"equivalent","equivalent","B"
"any","dq57d_hr","就寝時刻(時; 0-11 時は +24, 午後12時は 24)","ec",-0.01826,0.047,0.9966,0.9966,"equivalent","equivalent","B"
"any","DQ101","w5問1_意識項目1","ec_adj",0.23482,0.04186,5.133e-07,3.85e-07,"affected","affected","A"
"any","DQ102","w5問2_意識項目2","ec_adj",0.26362,0.04124,6.209e-09,4.657e-09,"affected","affected","A"
"any","DQ104","w5問4_意識項目4","ec_adj",-0.27647,0.03672,3.88e-12,2.91e-12,"affected","affected","A"
"any","DQ105","w5問5_意識項目5","ec_adj",-0.07494,0.03701,0.4658,0.4076,"undetermined","undetermined","A"
"any","DQ106","w5問6_意識項目6","ec_adj",-0.03904,0.04404,0.9945,0.9945,"undetermined","equivalent","A"
"any","DQ107","w5問7_意識項目7","ec_adj",0.06555,0.04048,0.6204,0.6673,"undetermined","undetermined","A"
"any","DQ108","w5問8_意識項目8","ec_adj",0.00044,0.03791,0.9945,0.9945,"equivalent","equivalent","A"
"any","DQ109","w5問9_意識項目9","ec_adj",-0.0035,0.0423,0.9945,0.9945,"equivalent","equivalent","A"
"any","DQ110","w5問10_意識項目10","ec_adj",-0.08764,0.04654,0.504,0.4252,"undetermined","undetermined","A"
"any","DQ111","w5問11_意識項目11","ec_adj",0.00349,0.03616,0.9945,0.9945,"equivalent","equivalent","A"
"any","DQ112","w5問12_意識項目12","ec_adj",-0.03442,0.04035,0.9945,0.9945,"equivalent","equivalent","A"
"any","DQ113","w5問13_意識項目13","ec_adj",-0.01621,0.04627,0.9945,0.9945,"equivalent","equivalent","A"
"any","DQ114","w5問14_意識項目14","ec_adj",0.00031,0.04567,0.9945,0.9945,"equivalent","equivalent","A"
"any","DQ115","w5問15_意識項目15","ec_adj",-0.08901,0.04305,0.4658,0.4076,"undetermined","undetermined","A"
"any","DQ116","w5問16_意識項目16","ec_adj",-0.00679,0.03832,0.9945,0.9945,"equivalent","equivalent","A"
"any","DQ117","w5問17_意識項目17","ec_adj",-0.01272,0.04375,0.9945,0.9945,"equivalent","equivalent","A"
"any","DQ118","w5問18_意識項目18","ec_adj",-0.00928,0.05006,0.9945,0.9945,"equivalent","equivalent","A"
"any","DQ119","w5問19_意識項目19","ec_adj",0.02776,0.04449,0.9945,0.9945,"equivalent","equivalent","A"
"any","DQ120","w5問20_意識項目20","ec_adj",-0.0128,0.03595,0.9945,0.9945,"equivalent","equivalent","A"
"any","DQ121","w5問21_意識項目21","ec_adj",-0.00461,0.0372,0.9945,0.9945,"equivalent","equivalent","A"
"any","DQ122","w5問22_意識項目22","ec_adj",-0.0219,0.03956,0.9945,0.9945,"equivalent","equivalent","A"
"any","DQ123","w5問23_意識項目23","ec_adj",0.00272,0.04954,0.9945,0.9945,"equivalent","equivalent","A"
"any","DQ124","w5問24_意識項目24","ec_adj",0.00144,0.04328,0.9945,0.9945,"equivalent","equivalent","A"
"any","DQ125","w5問25_意識項目25","ec_adj",0.00476,0.04231,0.9945,0.9945,"equivalent","equivalent","A"
"any","DQ131","w5問31_事実項目31","ec_adj",0.01987,0.01967,0.9945,0.9945,"undetermined","undetermined","A"
"any","DQ132","w5問32_事実項目32","ec_adj",-0.01342,0.01674,0.9945,0.9945,"undetermined","undetermined","A"
"any","DQ133","w5問33_事実項目33","ec_adj",-0.00792,0.01919,0.9945,0.9945,"undetermined","undetermined","A"
"any","DQ134","w5問34_事実項目34","ec_adj",0.00036,0.01836,0.9945,0.9945,"undetermined","undetermined","A"
"any","DQ135","w5問35_事実項目35","ec_adj",-0.01026,0.01902,0.9945,0.9945,"undetermined","undetermined","A"
"any","DQ136","w5問36_労働時間36","ec_adj",-0.04562,0.20717,0.9945,0.9945,"equivalent","equivalent","A"
"any","DQ137","w5問37_労働時間37","ec_adj",0.06771,0.25047,0.9945,0.9945,"equivalent","equivalent","A"
"any","DQ138","w5問38_労働時間38","ec_adj",-0.30034,0.24109,0.9509,0.9945,"undetermined","undetermined","A"
"any","DQ139","w5問39_労働時間39","ec_adj",-0.16305,0.28487,0.9945,0.9945,"undetermined","equivalent","A"
"any","DQ140","w5問40_労働時間40","ec_adj",0.11856,0.27591,0.9945,0.9945,"equivalent","equivalent","A"
"any","DQ15","w5問15_喫煙","ec_adj",0.23453,0.04288,8.593e-07,6.445e-07,"affected","affected","A"
"any","DQ30__1","w5問30_支持政党: 自民党","ec_adj",0.00691,0.01696,0.9945,0.9945,"undetermined","undetermined","A"
"any","DQ30__2","w5問30_支持政党: 民主党","ec_adj",-0.01781,0.0134,0.8732,0.9945,"undetermined","undetermined","A"
"any","DQ30__3","w5問30_支持政党: 公明党","ec_adj",-0.00449,0.00994,0.9945,0.9945,"undetermined","undetermined","A"
"any","DQ30__4","w5問30_支持政党: 共産党","ec_adj",0.00198,0.00577,0.9945,0.9945,"equivalent","equivalent","A"
"any","DQ30__5","w5問30_支持政党: 社民党","ec_adj",-0.00334,0.0049,0.9945,0.9945,"equivalent","equivalent","A"
"any","DQ30__6","w5問30_支持政党: 国民新党","ec_adj",-0.00292,0.00389,0.9945,0.9945,"equivalent","equivalent","A"
"any","DQ30__8","w5問30_支持政党: その他の政党","ec_adj",0.00955,0.00787,0.9509,0.9945,"undetermined","undetermined","A"
"any","DQ30__9","w5問30_支持政党: 特に支持する政党はない","ec_adj",0.01013,0.01997,0.9945,0.9945,"undetermined","undetermined","A"
"any","DQ43__1","w5問43_婚姻: 既婚","ec_adj",0.01632,0.01629,0.9945,0.9945,"undetermined","undetermined","A"
"any","DQ43__2","w5問43_婚姻: 未婚","ec_adj",-0.01632,0.01629,0.9945,0.9945,"undetermined","undetermined","A"
"any","DQ57A","w5問57A_起床_時刻の回答形式","ec_adj",-0.0019,0.01101,0.9945,0.9945,"undetermined","equivalent","B"
"any","DQ57B__1","w5問57B_家を出る_時刻の回答形式: だいたい午前／午後×時○分ころ","ec_adj",0.00755,0.01169,0.9945,0.9945,"undetermined","undetermined","B"
"any","DQ57B__2","w5問57B_家を出る_時刻の回答形式: 特に決まっていない","ec_adj",-0.00162,0.01129,0.9945,0.9945,"undetermined","equivalent","B"
"any","DQ57B__3","w5問57B_家を出る_時刻の回答形式: 主に家にいる","ec_adj",-0.00592,0.01042,0.9945,0.9945,"undetermined","undetermined","B"
"any","DQ57C__1","w5問57C_帰宅_時刻の回答形式: だいたい午前／午後×時○分ころ","ec_adj",-0.00599,0.01531,0.9945,0.9945,"undetermined","undetermined","B"
"any","DQ57C__2","w5問57C_帰宅_時刻の回答形式: 特に決まっていない","ec_adj",-0.00933,0.01233,0.9945,0.9945,"undetermined","undetermined","B"
"any","DQ57C__3","w5問57C_帰宅_時刻の回答形式: 主に家にいる","ec_adj",0.01532,0.00799,0.504,0.4252,"undetermined","undetermined","B"
"any","DQ57D","w5問57D_就寝_時刻の回答形式","ec_adj",-0.0097,0.01252,0.9945,0.9945,"undetermined","undetermined","B"
"any","dq57a_hr","起床時刻(時; 分を含む)","ec_adj",-0.02494,0.04297,0.9945,0.9945,"equivalent","equivalent","B"
"any","dq57b_hr","家を出る時刻(時)","ec_adj",-0.03541,0.04025,0.9945,0.9945,"undetermined","equivalent","B"
"any","dq57c_hr","帰宅時刻(時; 家を出る時刻より前なら +24)","ec_adj",-0.04304,0.09824,0.9945,0.9945,"equivalent","equivalent","B"
"any","dq57d_hr","就寝時刻(時; 0-11 時は +24, 午後12時は 24)","ec_adj",-0.01746,0.04606,0.9945,0.9945,"equivalent","equivalent","B"
"exact","DQ101","w5問1_意識項目1","ec",0.23066,0.04634,1.527e-05,1.146e-05,"affected","affected","A"
"exact","DQ102","w5問2_意識項目2","ec",0.25887,0.04583,6.168e-07,4.626e-07,"affected","affected","A"
"exact","DQ104","w5問4_意識項目4","ec",-0.27655,0.0404,5.792e-10,4.344e-10,"affected","affected","A"
"exact","DQ105","w5問5_意識項目5","ec",-0.06501,0.03704,0.6872,0.6845,"undetermined","undetermined","A"
"exact","DQ106","w5問6_意識項目6","ec",-0.0484,0.04609,0.9188,0.9332,"undetermined","undetermined","A"
"exact","DQ107","w5問7_意識項目7","ec",0.06605,0.04189,0.6872,0.7274,"undetermined","undetermined","A"
"exact","DQ108","w5問8_意識項目8","ec",-0.01788,0.03605,0.9188,0.9332,"equivalent","equivalent","A"
"exact","DQ109","w5問9_意識項目9","ec",0.0077,0.04598,0.9464,0.9332,"equivalent","equivalent","A"
"exact","DQ110","w5問10_意識項目10","ec",-0.08617,0.04988,0.6872,0.6845,"undetermined","undetermined","A"
"exact","DQ111","w5問11_意識項目11","ec",0.00395,0.03973,0.9655,0.944,"equivalent","equivalent","A"
"exact","DQ112","w5問12_意識項目12","ec",-0.03818,0.04302,0.9188,0.9332,"undetermined","undetermined","A"
"exact","DQ113","w5問13_意識項目13","ec",-0.01708,0.04691,0.922,0.9332,"undetermined","equivalent","A"
"exact","DQ114","w5問14_意識項目14","ec",0.01682,0.04587,0.922,0.9332,"equivalent","equivalent","A"
"exact","DQ115","w5問15_意識項目15","ec",-0.08982,0.04586,0.6352,0.5717,"undetermined","undetermined","A"
"exact","DQ116","w5問16_意識項目16","ec",-0.00971,0.03728,0.9445,0.9332,"equivalent","equivalent","A"
"exact","DQ117","w5問17_意識項目17","ec",-0.02355,0.04546,0.9188,0.9332,"undetermined","undetermined","A"
"exact","DQ118","w5問18_意識項目18","ec",-0.01918,0.05265,0.922,0.9332,"undetermined","undetermined","A"
"exact","DQ119","w5問19_意識項目19","ec",0.01238,0.0448,0.9445,0.9332,"equivalent","equivalent","A"
"exact","DQ120","w5問20_意識項目20","ec",-0.02857,0.03864,0.9188,0.9332,"equivalent","equivalent","A"
"exact","DQ121","w5問21_意識項目21","ec",0.00572,0.03924,0.9464,0.9332,"equivalent","equivalent","A"
"exact","DQ122","w5問22_意識項目22","ec",-0.04009,0.04517,0.9188,0.9332,"undetermined","undetermined","A"
"exact","DQ123","w5問23_意識項目23","ec",0.00834,0.05702,0.9464,0.9332,"undetermined","undetermined","A"
"exact","DQ124","w5問24_意識項目24","ec",-0.01045,0.04596,0.9445,0.9332,"equivalent","equivalent","A"
"exact","DQ125","w5問25_意識項目25","ec",0.00391,0.04293,0.9655,0.944,"equivalent","equivalent","A"
"exact","DQ131","w5問31_事実項目31","ec",0.0178,0.02215,0.9188,0.9332,"undetermined","undetermined","A"
"exact","DQ132","w5問32_事実項目32","ec",-0.01631,0.01869,0.9188,0.9332,"undetermined","undetermined","A"
"exact","DQ133","w5問33_事実項目33","ec",2e-05,0.01907,0.999,0.999,"undetermined","undetermined","A"
"exact","DQ134","w5問34_事実項目34","ec",-0.00809,0.01737,0.9188,0.9332,"undetermined","undetermined","A"
"exact","DQ135","w5問35_事実項目35","ec",-0.01364,0.02133,0.9188,0.9332,"undetermined","undetermined","A"
"exact","DQ136","w5問36_労働時間36","ec",0.04131,0.21707,0.9464,0.9332,"equivalent","equivalent","A"
"exact","DQ137","w5問37_労働時間37","ec",0.07998,0.26639,0.9445,0.9332,"equivalent","equivalent","A"
"exact","DQ138","w5問38_労働時間38","ec",-0.25492,0.24178,0.9188,0.9332,"undetermined","undetermined","A"
"exact","DQ139","w5問39_労働時間39","ec",-0.12956,0.28511,0.9188,0.9332,"undetermined","undetermined","A"
"exact","DQ140","w5問40_労働時間40","ec",0.13733,0.28814,0.9188,0.9332,"undetermined","undetermined","A"
"exact","DQ15","w5問15_喫煙","ec",0.22646,0.04589,1.527e-05,1.146e-05,"affected","affected","A"
"exact","DQ30__1","w5問30_支持政党: 自民党","ec",0.00744,0.01741,0.9188,0.9332,"undetermined","undetermined","A"
"exact","DQ30__2","w5問30_支持政党: 民主党","ec",-0.00775,0.01476,0.9188,0.9332,"undetermined","undetermined","A"
"exact","DQ30__3","w5問30_支持政党: 公明党","ec",-0.01339,0.01085,0.9163,0.9332,"undetermined","undetermined","A"
"exact","DQ30__4","w5問30_支持政党: 共産党","ec",-0.00096,0.00623,0.9464,0.9332,"equivalent","equivalent","A"
"exact","DQ30__5","w5問30_支持政党: 社民党","ec",-0.00708,0.00593,0.9188,0.9332,"equivalent","equivalent","A"
"exact","DQ30__6","w5問30_支持政党: 国民新党","ec",-0.00108,0.0045,0.9445,0.9332,"equivalent","equivalent","A"
"exact","DQ30__8","w5問30_支持政党: その他の政党","ec",0.0135,0.01031,0.8502,0.9332,"undetermined","undetermined","A"
"exact","DQ30__9","w5問30_支持政党: 特に支持する政党はない","ec",0.00931,0.02234,0.9188,0.9332,"undetermined","undetermined","A"
"exact","DQ43__1","w5問43_婚姻: 既婚","ec",0.00822,0.01743,0.9188,0.9332,"undetermined","undetermined","A"
"exact","DQ43__2","w5問43_婚姻: 未婚","ec",-0.00822,0.01743,0.9188,0.9332,"undetermined","undetermined","A"
"exact","DQ57A","w5問57A_起床_時刻の回答形式","ec",0.00382,0.01147,0.9363,0.9332,"undetermined","undetermined","B"
"exact","DQ57B__1","w5問57B_家を出る_時刻の回答形式: だいたい午前／午後×時○分ころ","ec",0.01864,0.01255,0.7463,0.7836,"undetermined","undetermined","B"
"exact","DQ57B__2","w5問57B_家を出る_時刻の回答形式: 特に決まっていない","ec",-0.01019,0.01163,0.9188,0.9332,"undetermined","undetermined","B"
"exact","DQ57B__3","w5問57B_家を出る_時刻の回答形式: 主に家にいる","ec",-0.00844,0.0107,0.9188,0.9332,"undetermined","undetermined","B"
"exact","DQ57C__1","w5問57C_帰宅_時刻の回答形式: だいたい午前／午後×時○分ころ","ec",-0.00737,0.01483,0.9188,0.9332,"undetermined","undetermined","B"
"exact","DQ57C__2","w5問57C_帰宅_時刻の回答形式: 特に決まっていない","ec",-0.0064,0.01307,0.9188,0.9332,"undetermined","undetermined","B"
"exact","DQ57C__3","w5問57C_帰宅_時刻の回答形式: 主に家にいる","ec",0.01377,0.00866,0.6872,0.7274,"undetermined","undetermined","B"
"exact","DQ57D","w5問57D_就寝_時刻の回答形式","ec",-0.01186,0.01375,0.9188,0.9332,"undetermined","undetermined","B"
"exact","dq57a_hr","起床時刻(時; 分を含む)","ec",-0.02595,0.04419,0.9188,0.9332,"undetermined","undetermined","B"
"exact","dq57b_hr","家を出る時刻(時)","ec",-0.03729,0.04098,0.9188,0.9332,"undetermined","undetermined","B"
"exact","dq57c_hr","帰宅時刻(時; 家を出る時刻より前なら +24)","ec",-0.09507,0.10108,0.9188,0.9332,"undetermined","undetermined","B"
"exact","dq57d_hr","就寝時刻(時; 0-11 時は +24, 午後12時は 24)","ec",-0.0368,0.04849,0.9188,0.9332,"undetermined","undetermined","B"
"exact","DQ101","w5問1_意識項目1","ec_adj",0.23101,0.04645,1.255e-05,9.411e-06,"affected","affected","A"
"exact","DQ102","w5問2_意識項目2","ec_adj",0.26061,0.04645,7.685e-07,5.764e-07,"affected","affected","A"
"exact","DQ104","w5問4_意識項目4","ec_adj",-0.27544,0.04047,7.614e-10,5.711e-10,"affected","affected","A"
"exact","DQ105","w5問5_意識項目5","ec_adj",-0.06441,0.03771,0.7393,0.6625,"undetermined","undetermined","A"
"exact","DQ106","w5問6_意識項目6","ec_adj",-0.04784,0.04642,0.9357,0.9495,"undetermined","undetermined","A"
"exact","DQ107","w5問7_意識項目7","ec_adj",0.06665,0.0415,0.7393,0.6858,"undetermined","undetermined","A"
"exact","DQ108","w5問8_意識項目8","ec_adj",-0.01627,0.03579,0.9357,0.9495,"equivalent","equivalent","A"
"exact","DQ109","w5問9_意識項目9","ec_adj",0.00415,0.0472,0.9597,0.9638,"equivalent","equivalent","A"
"exact","DQ110","w5問10_意識項目10","ec_adj",-0.0849,0.04962,0.7393,0.6625,"undetermined","undetermined","A"
"exact","DQ111","w5問11_意識項目11","ec_adj",0.00262,0.03942,0.9597,0.964,"equivalent","equivalent","A"
"exact","DQ112","w5問12_意識項目12","ec_adj",-0.03957,0.04252,0.9357,0.9495,"undetermined","undetermined","A"
"exact","DQ113","w5問13_意識項目13","ec_adj",-0.01548,0.04736,0.942,0.9495,"equivalent","equivalent","A"
"exact","DQ114","w5問14_意識項目14","ec_adj",0.01683,0.04579,0.9394,0.9495,"equivalent","equivalent","A"
"exact","DQ115","w5問15_意識項目15","ec_adj",-0.09178,0.04649,0.6127,0.5514,"undetermined","undetermined","A"
"exact","DQ116","w5問16_意識項目16","ec_adj",-0.00584,0.03689,0.9597,0.9495,"equivalent","equivalent","A"
"exact","DQ117","w5問17_意識項目17","ec_adj",-0.0239,0.04617,0.9357,0.9495,"undetermined","undetermined","A"
"exact","DQ118","w5問18_意識項目18","ec_adj",-0.01873,0.05166,0.9394,0.9495,"undetermined","undetermined","A"
"exact","DQ119","w5問19_意識項目19","ec_adj",0.01364,0.04508,0.942,0.9495,"equivalent","equivalent","A"
"exact","DQ120","w5問20_意識項目20","ec_adj",-0.03054,0.03845,0.9357,0.9495,"equivalent","equivalent","A"
"exact","DQ121","w5問21_意識項目21","ec_adj",0.00563,0.03967,0.9597,0.9495,"equivalent","equivalent","A"
"exact","DQ122","w5問22_意識項目22","ec_adj",-0.04217,0.04436,0.9357,0.9495,"undetermined","undetermined","A"
"exact","DQ123","w5問23_意識項目23","ec_adj",0.00716,0.05676,0.9597,0.9495,"undetermined","undetermined","A"
"exact","DQ124","w5問24_意識項目24","ec_adj",-0.00893,0.04636,0.9597,0.9495,"equivalent","equivalent","A"
"exact","DQ125","w5問25_意識項目25","ec_adj",0.00758,0.04326,0.9597,0.9495,"equivalent","equivalent","A"
"exact","DQ131","w5問31_事実項目31","ec_adj",0.0179,0.02244,0.9357,0.9495,"undetermined","undetermined","A"
"exact","DQ132","w5問32_事実項目32","ec_adj",-0.01612,0.01853,0.9357,0.9495,"undetermined","undetermined","A"
"exact","DQ133","w5問33_事実項目33","ec_adj",1e-05,0.01929,0.9994,0.9994,"undetermined","undetermined","A"
"exact","DQ134","w5問34_事実項目34","ec_adj",-0.00809,0.01743,0.9357,0.9495,"undetermined","undetermined","A"
"exact","DQ135","w5問35_事実項目35","ec_adj",-0.0125,0.02168,0.9357,0.9495,"undetermined","undetermined","A"
"exact","DQ136","w5問36_労働時間36","ec_adj",0.05225,0.21629,0.949,0.9495,"equivalent","equivalent","A"
"exact","DQ137","w5問37_労働時間37","ec_adj",0.0776,0.26361,0.942,0.9495,"equivalent","equivalent","A"
"exact","DQ138","w5問38_労働時間38","ec_adj",-0.25094,0.24036,0.9357,0.9495,"undetermined","undetermined","A"
"exact","DQ139","w5問39_労働時間39","ec_adj",-0.12366,0.28578,0.9357,0.9495,"undetermined","undetermined","A"
"exact","DQ140","w5問40_労働時間40","ec_adj",0.14307,0.28794,0.9357,0.9495,"undetermined","undetermined","A"
"exact","DQ15","w5問15_喫煙","ec_adj",0.22646,0.04554,1.255e-05,9.411e-06,"affected","affected","A"
"exact","DQ30__1","w5問30_支持政党: 自民党","ec_adj",0.00803,0.01739,0.9357,0.9495,"undetermined","undetermined","A"
"exact","DQ30__2","w5問30_支持政党: 民主党","ec_adj",-0.00864,0.0152,0.9357,0.9495,"undetermined","undetermined","A"
"exact","DQ30__3","w5問30_支持政党: 公明党","ec_adj",-0.01307,0.01084,0.9357,0.9495,"undetermined","undetermined","A"
"exact","DQ30__4","w5問30_支持政党: 共産党","ec_adj",-0.0011,0.00619,0.9597,0.9495,"equivalent","equivalent","A"
"exact","DQ30__5","w5問30_支持政党: 社民党","ec_adj",-0.00671,0.00577,0.9357,0.9495,"equivalent","equivalent","A"
"exact","DQ30__6","w5問30_支持政党: 国民新党","ec_adj",-0.00111,0.00449,0.949,0.9495,"equivalent","equivalent","A"
"exact","DQ30__8","w5問30_支持政党: その他の政党","ec_adj",0.01385,0.01042,0.8212,0.9495,"undetermined","undetermined","A"
"exact","DQ30__9","w5問30_支持政党: 特に支持する政党はない","ec_adj",0.00875,0.02229,0.9394,0.9495,"undetermined","undetermined","A"
"exact","DQ43__1","w5問43_婚姻: 既婚","ec_adj",0.00836,0.01757,0.9357,0.9495,"undetermined","undetermined","A"
"exact","DQ43__2","w5問43_婚姻: 未婚","ec_adj",-0.00836,0.01757,0.9357,0.9495,"undetermined","undetermined","A"
"exact","DQ57A","w5問57A_起床_時刻の回答形式","ec_adj",0.00372,0.01137,0.942,0.9495,"undetermined","undetermined","B"
"exact","DQ57B__1","w5問57B_家を出る_時刻の回答形式: だいたい午前／午後×時○分ころ","ec_adj",0.01787,0.01249,0.8212,0.8688,"undetermined","undetermined","B"
"exact","DQ57B__2","w5問57B_家を出る_時刻の回答形式: 特に決まっていない","ec_adj",-0.0102,0.0117,0.9357,0.9495,"undetermined","undetermined","B"
"exact","DQ57B__3","w5問57B_家を出る_時刻の回答形式: 主に家にいる","ec_adj",-0.00767,0.01058,0.9357,0.9495,"undetermined","undetermined","B"
"exact","DQ57C__1","w5問57C_帰宅_時刻の回答形式: だいたい午前／午後×時○分ころ","ec_adj",-0.00759,0.01474,0.9357,0.9495,"undetermined","undetermined","B"
"exact","DQ57C__2","w5問57C_帰宅_時刻の回答形式: 特に決まっていない","ec_adj",-0.00651,0.01324,0.9357,0.9495,"undetermined","undetermined","B"
"exact","DQ57C__3","w5問57C_帰宅_時刻の回答形式: 主に家にいる","ec_adj",0.0141,0.00839,0.7393,0.6625,"undetermined","undetermined","B"
"exact","DQ57D","w5問57D_就寝_時刻の回答形式","ec_adj",-0.0117,0.01385,0.9357,0.9495,"undetermined","undetermined","B"
"exact","dq57a_hr","起床時刻(時; 分を含む)","ec_adj",-0.02483,0.04475,0.9357,0.9495,"undetermined","undetermined","B"
"exact","dq57b_hr","家を出る時刻(時)","ec_adj",-0.03853,0.04081,0.9357,0.9495,"undetermined","undetermined","B"
"exact","dq57c_hr","帰宅時刻(時; 家を出る時刻より前なら +24)","ec_adj",-0.09679,0.10325,0.9357,0.9495,"undetermined","undetermined","B"
"exact","dq57d_hr","就寝時刻(時; 0-11 時は +24, 午後12時は 24)","ec_adj",-0.03576,0.0476,0.9357,0.9495,"undetermined","undetermined","B"
