"var","label","w1_var","ec_class","reason"
"DQ126","w5問26_意識項目26","ZQ126","A","coding mismatch (w1 1;2;3;4 vs w5 1;2;3;4;5)"
"DQ127","w5問27_意識項目27",NA,"","no w1 counterpart"
"DQ128","w5問28_意識項目28",NA,"","no w1 counterpart"
"DQ129","w5問29_意識項目29",NA,"","no w1 counterpart"
"DQ130","w5問30_意識項目30",NA,"","no w1 counterpart"
"DQ02","w5_就業",NA,"A","no w1 counterpart"
"DQ42_A","w5問42_健康保険―A",NA,"","no w1 counterpart"
"DQ42_B","w5問42_健康保険―B",NA,"","no w1 counterpart"
"DQ03_5E","w5問3(5)-5_収入の形態―年俸",NA,"","no w1 counterpart"
"DQ03_5ES","w5問3(5)-5_収入の金額―年俸",NA,"","no w1 counterpart"
"DQ17A","w5問17A_中3時の父親の喫煙",NA,"","no w1 counterpart"
