"var","label","scale_type","k_labels","n_dk_codes","n_ref_codes","filter_mismatch","nr_routing_flag","base_rate_T1","base_rate_T0"
"DQ101","w5問1_意識項目1","ordinal",5,1,0,FALSE,FALSE,1,1
"DQ102","w5問2_意識項目2","ordinal",5,1,0,FALSE,FALSE,1,1
"DQ103","w5問3_意識項目3","ordinal",5,1,0,FALSE,FALSE,1,1
"DQ104","w5問4_意識項目4","ordinal",5,1,0,FALSE,FALSE,1,1
"DQ105","w5問5_意識項目5","ordinal",5,1,0,FALSE,FALSE,1,1
"DQ106","w5問6_意識項目6","ordinal",5,1,0,FALSE,FALSE,1,1
"DQ107","w5問7_意識項目7","ordinal",5,1,0,FALSE,FALSE,1,1
"DQ108","w5問8_意識項目8","ordinal",5,1,0,FALSE,FALSE,1,1
"DQ109","w5問9_意識項目9","ordinal",5,1,0,FALSE,FALSE,1,1
"DQ110","w5問10_意識項目10","ordinal",5,1,0,FALSE,FALSE,1,1
"DQ111","w5問11_意識項目11","ordinal",5,1,0,FALSE,FALSE,1,1
"DQ112","w5問12_意識項目12","ordinal",5,1,0,FALSE,FALSE,1,1
"DQ113","w5問13_意識項目13","ordinal",5,1,0,FALSE,FALSE,1,1
"DQ114","w5問14_意識項目14","ordinal",5,1,0,FALSE,FALSE,1,1
"DQ115","w5問15_意識項目15","ordinal",5,1,0,FALSE,FALSE,1,1
"DQ116","w5問16_意識項目16","ordinal",5,1,0,FALSE,FALSE,1,1
"DQ117","w5問17_意識項目17","ordinal",5,1,0,FALSE,FALSE,1,1
"DQ118","w5問18_意識項目18","ordinal",5,1,0,FALSE,FALSE,1,1
"DQ119","w5問19_意識項目19","ordinal",5,1,0,FALSE,FALSE,1,1
"DQ120","w5問20_意識項目20","ordinal",5,1,0,FALSE,FALSE,1,1
"DQ121","w5問21_意識項目21","ordinal",5,1,0,FALSE,FALSE,1,1
"DQ122","w5問22_意識項目22","ordinal",5,1,0,FALSE,FALSE,1,1
"DQ123","w5問23_意識項目23","ordinal",5,1,0,FALSE,FALSE,1,1
"DQ124","w5問24_意識項目24","ordinal",5,1,0,FALSE,FALSE,1,1
"DQ125","w5問25_意識項目25","ordinal",5,1,0,FALSE,FALSE,1,1
"DQ126","w5問26_意識項目26","ordinal",5,1,0,FALSE,FALSE,1,1
"DQ127","w5問27_意識項目27","ordinal",5,1,0,FALSE,FALSE,1,1
"DQ128","w5問28_意識項目28","ordinal",5,1,0,FALSE,FALSE,1,1
"DQ129","w5問29_意識項目29","ordinal",5,1,0,FALSE,FALSE,1,1
"DQ130","w5問30_意識項目30","ordinal",5,1,0,FALSE,FALSE,1,1
"DQ131","w5問31_事実項目31","binary",2,0,0,FALSE,FALSE,1,1
"DQ132","w5問32_事実項目32","binary",2,0,0,FALSE,FALSE,1,1
"DQ133","w5問33_事実項目33","binary",2,0,0,FALSE,FALSE,1,1
"DQ134","w5問34_事実項目34","binary",2,0,0,FALSE,FALSE,1,1
"DQ135","w5問35_事実項目35","binary",2,0,0,FALSE,FALSE,1,1
"DQ136","w5問36_労働時間36","continuous",0,0,0,FALSE,FALSE,0.968,0.966
"DQ137","w5問37_労働時間37","continuous",0,0,0,FALSE,FALSE,0.969,0.972
"DQ138","w5問38_労働時間38","continuous",0,0,0,FALSE,FALSE,0.97,0.962
"DQ139","w5問39_労働時間39","continuous",0,0,0,FALSE,FALSE,0.972,0.956
"DQ140","w5問40_労働時間40","continuous",0,0,0,FALSE,FALSE,0.97,0.977
"DQ02","w5_就業","binary",2,0,0,FALSE,FALSE,1,1
"DQ43__1","w5問43_婚姻: 既婚","binary",2,0,0,FALSE,FALSE,1,1
"DQ43__2","w5問43_婚姻: 未婚","binary",2,0,0,FALSE,FALSE,0,0
"DQ15","w5問15_喫煙","ordinal",4,0,0,FALSE,FALSE,1,1
"DQ30__1","w5問30_支持政党: 自民党","binary",2,1,0,FALSE,FALSE,1,1
"DQ30__2","w5問30_支持政党: 民主党","binary",2,1,0,FALSE,FALSE,0,0
"DQ30__3","w5問30_支持政党: 公明党","binary",2,1,0,FALSE,FALSE,0,0
"DQ30__4","w5問30_支持政党: 共産党","binary",2,1,0,FALSE,FALSE,0,0
"DQ30__5","w5問30_支持政党: 社民党","binary",2,1,0,FALSE,FALSE,0,0
"DQ30__6","w5問30_支持政党: 国民新党","binary",2,1,0,FALSE,FALSE,0,0
"DQ30__8","w5問30_支持政党: その他の政党","binary",2,1,0,FALSE,FALSE,0,0
"DQ30__9","w5問30_支持政党: 特に支持する政党はない","binary",2,1,0,FALSE,FALSE,0,0
"DQ03_1__1","w5問3(1)_現職・働き方: 経営者、役員","binary",2,0,0,FALSE,FALSE,0.507,0.504
"DQ03_1__2","w5問3(1)_現職・働き方: 正社員・正職員","binary",2,0,0,FALSE,FALSE,0,0
"DQ03_1__3","w5問3(1)_現職・働き方: パート・アルバイト・契約・臨時・嘱託","binary",2,0,0,FALSE,FALSE,0,0
"DQ03_1__4","w5問3(1)_現職・働き方: 派遣社員","binary",2,0,0,FALSE,FALSE,0,0
"DQ03_1__5","w5問3(1)_現職・働き方: 請負社員","binary",2,0,0,FALSE,FALSE,0,0
"DQ03_1__6","w5問3(1)_現職・働き方: 自営業主、自由業者","binary",2,0,0,FALSE,FALSE,0,0
"DQ03_1__7","w5問3(1)_現職・働き方: 家族従業者","binary",2,0,0,FALSE,FALSE,0,0
"DQ03_1__8","w5問3(1)_現職・働き方: 内職","binary",2,0,0,FALSE,FALSE,0,0
"DQ03_1__9","w5問3(1)_現職・働き方: その他","binary",2,0,0,FALSE,FALSE,0,0
"DQ03_2__1","w5問3(2)_現職・職業―大分類(プリコード): 専門職・技術職","binary",2,0,0,FALSE,FALSE,0.507,0.506
"DQ03_2__2","w5問3(2)_現職・職業―大分類(プリコード): 管理職","binary",2,0,0,FALSE,FALSE,0,0
"DQ03_2__3","w5問3(2)_現職・職業―大分類(プリコード): 事務職","binary",2,0,0,FALSE,FALSE,0,0
"DQ03_2__4","w5問3(2)_現職・職業―大分類(プリコード): 販売職","binary",2,0,0,FALSE,FALSE,0,0
"DQ03_2__5","w5問3(2)_現職・職業―大分類(プリコード): サービス職","binary",2,0,0,FALSE,FALSE,0,0
"DQ03_2__6","w5問3(2)_現職・職業―大分類(プリコード): 生産現場職・技能職","binary",2,0,0,FALSE,FALSE,0,0
"DQ03_2__7","w5問3(2)_現職・職業―大分類(プリコード): 運輸・保安職","binary",2,0,0,FALSE,FALSE,0,0
"DQ03_2__8","w5問3(2)_現職・職業―大分類(プリコード): その他","binary",2,0,0,FALSE,FALSE,0,0
"DQ42_A","w5問42_健康保険―A","binary",2,0,0,FALSE,FALSE,0.898,0.895
"DQ42_B","w5問42_健康保険―B","binary",2,0,0,FALSE,FALSE,0.898,0.895
"DQ57A","w5問57A_起床_時刻の回答形式","binary",2,0,0,FALSE,FALSE,1,1
"DQ57B__1","w5問57B_家を出る_時刻の回答形式: だいたい午前／午後×時○分ころ","binary",2,0,0,FALSE,FALSE,1,1
"DQ57B__2","w5問57B_家を出る_時刻の回答形式: 特に決まっていない","binary",2,0,0,FALSE,FALSE,0,0
"DQ57B__3","w5問57B_家を出る_時刻の回答形式: 主に家にいる","binary",2,0,0,FALSE,FALSE,0,0
"DQ57C__1","w5問57C_帰宅_時刻の回答形式: だいたい午前／午後×時○分ころ","binary",2,0,0,FALSE,FALSE,1,1
"DQ57C__2","w5問57C_帰宅_時刻の回答形式: 特に決まっていない","binary",2,0,0,FALSE,FALSE,0,0
"DQ57C__3","w5問57C_帰宅_時刻の回答形式: 主に家にいる","binary",2,0,0,FALSE,FALSE,0,0
"DQ57D","w5問57D_就寝_時刻の回答形式","binary",2,0,0,FALSE,FALSE,1,1
"DQ03_5E","w5問3(5)-5_収入の形態―年俸","binary",2,0,0,FALSE,FALSE,1,1
"DQ03_5ES","w5問3(5)-5_収入の金額―年俸","continuous",0,0,0,FALSE,FALSE,0.256,0.255
"DQ03_13","w5問3(13)_現在の会社で当面仕事を続けるか","ordinal",3,1,0,FALSE,FALSE,0.501,0.496
"DQ17A","w5問17A_中3時の父親の喫煙","ordinal",3,0,0,FALSE,FALSE,0.955,0.947
"dq57a_hr","起床時刻(時; 分を含む)","continuous",0,0,0,FALSE,FALSE,0.892,0.895
"dq57b_hr","家を出る時刻(時)","continuous",0,0,0,FALSE,FALSE,0.797,0.79
"dq57c_hr","帰宅時刻(時; 家を出る時刻より前なら +24)","continuous",0,0,0,FALSE,FALSE,0.79,0.794
"dq57d_hr","就寝時刻(時; 0-11 時は +24, 午後12時は 24)","continuous",0,0,0,FALSE,FALSE,0.892,0.881
"dq57d_hr_s12","就寝時刻(感度: 午後12時を欠損に)","continuous",0,0,0,FALSE,FALSE,0.892,0.881
"dq54_1_months","交際期間(月数 = 年×12 + 月)","continuous",0,0,0,FALSE,FALSE,0.399,0.42
